Opportunity_id,date,open,high,low,close,is_last_candle_of_found_pattern,is_buy_opportunity,is_sell_opportunity,succeeded,date_Buy,return_Buy,date_Sell,return_Sell,market,model,pair_name,entry_period,min_points,tolerance_points,profit_ratio,chosen_candle_date,chosen_candle_open,chosen_candle_high,chosen_candle_low,chosen_candle_close
Opportunity-1,2004-11-02,1.274,1.2755,1.2661,1.2739,1,0,0,1,2004-11-02,149.0,2005-01-28,149.0,Forex,Doji,EURUSD,3 days,149.0,5.0,3/1,2024-09-20 00:00:00,1.11614,1.11818,1.1136,1.11601
Opportunity-1,2004-11-03,1.2815,1.2829,1.2652,1.2822,0,1,0,1,2004-11-08,149.0,2005-01-31,149.0,,,,,,,,,,,,
Opportunity-1,2004-11-10,1.2898,1.3005,1.2847,1.2888,0,1,0,1,2004-11-09,149.0,2005-10-04,149.0,,,,,,,,,,,,
Opportunity-1,2004-11-11,1.2884,1.2918,1.2854,1.2899,0,1,0,1,2005-03-01,149.0,2008-08-04,149.0,,,,,,,,,,,,
Opportunity-1,2004-11-12,1.2906,1.2989,1.287,1.2979,0,1,0,1,2005-10-04,149.0,2008-09-18,149.0,,,,,,,,,,,,
Opportunity-1,2004-11-15,1.297,1.2998,1.2913,1.2943,0,1,0,1,2005-12-06,149.0,2009-02-13,149.0,,,,,,,,,,,,
Opportunity-1,2004-11-16,1.2963,1.2996,1.2917,1.2953,0,1,0,1,2006-12-25,149.0,2009-11-24,149.0,,,,,,,,,,,,
Opportunity-1,2004-11-19,1.297,1.3068,1.2934,1.3015,0,1,0,1,2007-11-09,149.0,2010-01-18,149.0,,,,,,,,,,,,
Opportunity-1,2004-11-23,1.3035,1.3105,1.297,1.3084,0,1,0,1,2008-01-23,149.0,2011-05-03,149.0,,,,,,,,,,,,
Opportunity-1,2004-11-29,1.3266,1.3302,1.3224,1.3274,0,1,0,1,2008-04-08,149.0,2011-12-06,149.0,,,,,,,,,,,,
Opportunity-1,2004-11-30,1.3273,1.3334,1.3229,1.3281,0,1,0,1,2009-02-13,149.0,2011-12-22,149.0,,,,,,,,,,,,
Opportunity-1,2004-12-02,1.3315,1.3381,1.3234,1.3265,0,1,0,1,2009-08-25,149.0,2012-04-30,149.0,,,,,,,,,,,,
Opportunity-2,2004-11-08,1.2913,1.2984,1.2903,1.2914,1,0,0,1,2010-07-16,149.0,2012-08-07,149.0,,,,,,,,,,,,
Opportunity-2,2004-11-10,1.2898,1.3005,1.2847,1.2888,0,1,0,1,2012-08-07,149.0,2013-04-12,149.0,,,,,,,,,,,,
Opportunity-2,2004-11-11,1.2884,1.2918,1.2854,1.2899,0,1,0,1,2013-04-12,149.0,2013-08-19,149.0,,,,,,,,,,,,
Opportunity-2,2004-11-12,1.2906,1.2989,1.287,1.2979,0,1,0,1,2013-04-19,149.0,2014-08-14,149.0,,,,,,,,,,,,
Opportunity-2,2004-11-15,1.297,1.2998,1.2913,1.2943,0,1,0,1,2013-05-24,149.0,2015-03-03,149.0,,,,,,,,,,,,
Opportunity-2,2004-11-16,1.2963,1.2996,1.2917,1.2953,0,1,0,1,2013-07-15,149.0,2016-06-06,149.0,,,,,,,,,,,,
Opportunity-2,2004-11-19,1.297,1.3068,1.2934,1.3015,0,1,0,1,2015-04-21,149.0,2016-09-28,149.0,,,,,,,,,,,,
Opportunity-2,2004-11-23,1.3035,1.3105,1.297,1.3084,0,1,0,1,2017-04-20,149.0,2016-10-05,149.0,,,,,,,,,,,,
Opportunity-2,2004-11-29,1.3266,1.3302,1.3224,1.3274,0,1,0,1,2017-07-05,149.0,2017-12-04,149.0,,,,,,,,,,,,
Opportunity-2,2004-11-30,1.3273,1.3334,1.3229,1.3281,0,1,0,1,2017-11-21,149.0,2018-07-04,149.0,,,,,,,,,,,,
Opportunity-2,2004-12-02,1.3315,1.3381,1.3234,1.3265,0,1,0,1,2019-01-04,149.0,2018-07-09,149.0,,,,,,,,,,,,
Opportunity-3,2004-11-09,1.2896,1.294,1.2879,1.2897,1,0,0,1,2020-02-26,149.0,2018-07-19,149.0,,,,,,,,,,,,
Opportunity-3,2004-11-10,1.2898,1.3005,1.2847,1.2888,0,1,0,1,2020-11-10,149.0,2019-02-28,149.0,,,,,,,,,,,,
Opportunity-3,2004-11-11,1.2884,1.2918,1.2854,1.2899,0,1,0,1,2020-11-26,149.0,2019-08-01,149.0,,,,,,,,,,,,
Opportunity-3,2004-11-12,1.2906,1.2989,1.287,1.2979,0,1,0,1,2021-08-18,149.0,2019-08-07,149.0,,,,,,,,,,,,
Opportunity-3,2004-11-15,1.297,1.2998,1.2913,1.2943,0,1,0,1,2023-06-05,149.0,2020-01-01,149.0,,,,,,,,,,,,
Opportunity-3,2004-11-16,1.2963,1.2996,1.2917,1.2953,0,1,0,1,2005-01-28,-50.0,2020-06-08,149.0,,,,,,,,,,,,
Opportunity-3,2004-11-19,1.297,1.3068,1.2934,1.3015,0,1,0,1,2005-01-31,-50.0,2020-12-25,149.0,,,,,,,,,,,,
Opportunity-3,2004-11-23,1.3035,1.3105,1.297,1.3084,0,1,0,1,2005-04-13,-50.0,2021-11-17,149.0,,,,,,,,,,,,
Opportunity-3,2004-11-29,1.3266,1.3302,1.3224,1.3274,0,1,0,1,2008-08-04,-50.0,2024-01-11,149.0,,,,,,,,,,,,
Opportunity-3,2004-11-30,1.3273,1.3334,1.3229,1.3281,0,1,0,1,2008-09-18,-50.0,2024-04-05,149.0,,,,,,,,,,,,
Opportunity-3,2004-12-02,1.3315,1.3381,1.3234,1.3265,0,1,0,1,2009-11-24,-50.0,2024-08-25,149.0,,,,,,,,,,,,
Opportunity-4,2005-03-01,1.3183,1.3243,1.3164,1.3183,1,0,0,1,2009-12-25,-50.0,2004-11-02,-50.0,,,,,,,,,,,,
Opportunity-4,2005-03-02,1.3185,1.3191,1.3084,1.3132,0,1,0,1,2009-12-28,-50.0,2004-11-08,-50.0,,,,,,,,,,,,
Opportunity-4,2005-03-07,1.323,1.3247,1.3176,1.3209,0,1,0,1,2010-01-18,-50.0,2004-11-09,-50.0,,,,,,,,,,,,
Opportunity-4,2005-03-28,1.295,1.2962,1.2852,1.2895,0,1,0,1,2011-05-03,-50.0,2005-03-01,-50.0,,,,,,,,,,,,
Opportunity-5,2005-10-04,1.1916,1.195,1.1897,1.1916,1,1,0,1,2011-09-19,-50.0,2005-04-13,-50.0,,,,,,,,,,,,
Opportunity-5,2005-10-24,1.1949,1.202,1.1918,1.1977,0,1,0,1,2011-12-06,-50.0,2005-12-06,-50.0,,,,,,,,,,,,
Opportunity-6,2005-12-06,1.1792,1.1807,1.1752,1.1792,1,0,0,1,2011-12-22,-50.0,2006-12-25,-50.0,,,,,,,,,,,,
Opportunity-6,2005-12-07,1.1792,1.1802,1.17,1.1721,0,1,0,1,2012-04-30,-50.0,2007-11-09,-50.0,,,,,,,,,,,,
Opportunity-6,2005-12-09,1.1812,1.1837,1.1766,1.1817,0,1,0,1,2013-02-15,-50.0,2008-01-23,-50.0,,,,,,,,,,,,
Opportunity-6,2005-12-30,1.1837,1.1887,1.1774,1.1829,0,1,0,1,2013-02-26,-50.0,2008-04-08,-50.0,,,,,,,,,,,,
Opportunity-6,2006-01-02,1.1852,1.1868,1.1797,1.1821,0,1,0,1,2013-07-30,-50.0,2009-08-25,-50.0,,,,,,,,,,,,
Opportunity-7,2006-12-25,1.3118,1.3164,1.3099,1.3119,1,0,0,1,2013-08-19,-50.0,2009-12-25,-50.0,,,,,,,,,,,,
Opportunity-7,2006-12-26,1.312,1.3141,1.309,1.3096,0,1,0,1,2013-10-01,-50.0,2009-12-28,-50.0,,,,,,,,,,,,
Opportunity-7,2006-12-27,1.3096,1.3177,1.3096,1.3114,0,1,0,1,2014-08-14,-50.0,2010-07-16,-50.0,,,,,,,,,,,,
Opportunity-8,2007-11-09,1.4676,1.4751,1.4631,1.4677,1,0,0,1,2015-03-03,-50.0,2011-09-19,-50.0,,,,,,,,,,,,
Opportunity-8,2007-11-13,1.4531,1.4632,1.452,1.4603,0,1,0,1,2016-05-23,-50.0,2013-02-15,-50.0,,,,,,,,,,,,
Opportunity-8,2007-11-16,1.4612,1.4671,1.4581,1.4662,0,1,0,1,2016-06-06,-50.0,2013-02-26,-50.0,,,,,,,,,,,,
Opportunity-8,2007-11-19,1.467,1.4687,1.4617,1.4665,0,1,0,1,2016-09-28,-50.0,2013-04-19,-50.0,,,,,,,,,,,,
Opportunity-9,2008-01-23,1.4628,1.4684,1.4509,1.4629,1,0,0,1,2016-10-05,-50.0,2013-05-24,-50.0,,,,,,,,,,,,
Opportunity-9,2008-01-25,1.4753,1.4776,1.4658,1.4676,0,1,0,1,2016-10-19,-50.0,2013-07-15,-50.0,,,,,,,,,,,,
Opportunity-9,2008-01-29,1.4779,1.4796,1.4735,1.4775,0,1,0,1,2017-12-04,-50.0,2013-07-30,-50.0,,,,,,,,,,,,
Opportunity-9,2008-02-07,1.4632,1.465,1.444,1.4479,0,1,0,1,2018-07-04,-50.0,2013-10-01,-50.0,,,,,,,,,,,,
Opportunity-9,2008-02-08,1.4485,1.4545,1.4448,1.4507,0,1,0,1,2018-07-09,-50.0,2015-04-21,-50.0,,,,,,,,,,,,
Opportunity-9,2008-02-11,1.4516,1.4577,1.448,1.4518,0,1,0,1,2018-07-19,-50.0,2016-05-23,-50.0,,,,,,,,,,,,
Opportunity-9,2008-02-12,1.4517,1.4613,1.4495,1.4578,0,1,0,1,2019-02-15,-50.0,2016-10-19,-50.0,,,,,,,,,,,,
Opportunity-9,2008-02-13,1.4581,1.4596,1.4532,1.4569,0,1,0,1,2019-02-28,-50.0,2017-04-20,-50.0,,,,,,,,,,,,
Opportunity-9,2008-02-14,1.4559,1.4645,1.4559,1.4636,0,1,0,1,2019-05-15,-50.0,2017-07-05,-50.0,,,,,,,,,,,,
Opportunity-9,2008-02-18,1.468,1.469,1.461,1.4654,0,1,0,1,2019-08-01,-50.0,2017-11-21,-50.0,,,,,,,,,,,,
Opportunity-9,2008-02-20,1.4724,1.473,1.4616,1.471,0,1,0,1,2019-08-07,-50.0,2019-01-04,-50.0,,,,,,,,,,,,
Opportunity-9,2008-02-21,1.4713,1.4835,1.4702,1.4809,0,1,0,1,2019-09-05,-50.0,2019-02-15,-50.0,,,,,,,,,,,,
Opportunity-10,2008-04-08,1.5703,1.5798,1.5674,1.5703,1,1,0,1,2020-01-01,-50.0,2019-05-15,-50.0,,,,,,,,,,,,
Opportunity-10,2008-04-15,1.5835,1.5873,1.5751,1.5789,0,1,0,1,2020-06-08,-50.0,2019-09-05,-50.0,,,,,,,,,,,,
Opportunity-10,2008-05-02,1.5468,1.5498,1.5362,1.5424,0,1,0,1,2020-12-25,-50.0,2020-02-26,-50.0,,,,,,,,,,,,
Opportunity-10,2008-05-08,1.5395,1.5439,1.5289,1.5403,0,1,0,1,2021-11-17,-50.0,2020-11-10,-50.0,,,,,,,,,,,,
Opportunity-11,2009-02-13,1.2861,1.2943,1.2821,1.286,1,0,0,1,2024-01-11,-50.0,2020-11-26,-50.0,,,,,,,,,,,,
Opportunity-11,2009-02-18,1.2581,1.264,1.2513,1.2528,0,1,0,1,2024-04-05,-50.0,2021-08-18,-50.0,,,,,,,,,,,,
Opportunity-11,2009-02-19,1.2528,1.2761,1.2528,1.2673,0,1,0,1,2024-08-18,-50.0,2023-06-05,-50.0,,,,,,,,,,,,
Opportunity-11,2009-02-20,1.2672,1.2884,1.2558,1.2825,0,1,0,1,2024-08-25,-50.0,2024-08-18,-50.0,,,,,,,,,,,,
Opportunity-11,2009-03-04,1.2558,1.2663,1.2457,1.2655,0,1,0,1,2024-09-08,-50.0,2024-09-08,-50.0,,,,,,,,,,,,
Opportunity-11,2009-03-05,1.2658,1.2664,1.248,1.2541,0,1,0,1,2024-09-15,-50.0,2024-09-15,-50.0,,,,,,,,,,,,
Opportunity-11,2009-03-06,1.2537,1.2754,1.2533,1.2646,0,1,0,1,2024-09-20,-50.0,2024-09-20,-50.0,,,,,,,,,,,,
Opportunity-11,2009-03-09,1.2652,1.2727,1.2556,1.2601,0,1,0,1,2024-09-22,-50.0,2024-09-22,-50.0,,,,,,,,,,,,
Opportunity-11,2009-03-10,1.2604,1.2822,1.2579,1.268,0,1,0,1,,,,,,,,,,,,,,,,
Opportunity-11,2009-03-11,1.2678,1.2865,1.2617,1.2845,0,1,0,1,,,,,,,,,,,,,,,,
Opportunity-11,2009-03-12,1.2844,1.2946,1.2732,1.2913,0,1,0,1,,,,,,,,,,,,,,,,
Opportunity-11,2009-03-16,1.2927,1.3071,1.2833,1.2973,0,1,0,1,,,,,,,,,,,,,,,,
Opportunity-11,2009-03-17,1.2978,1.3033,1.2932,1.3012,0,1,0,1,,,,,,,,,,,,,,,,
Opportunity-12,2009-08-25,1.4298,1.4362,1.4253,1.4299,1,0,0,1,,,,,,,,,,,,,,,,
Opportunity-12,2009-08-26,1.4296,1.4352,1.4205,1.424,0,1,0,1,,,,,,,,,,,,,,,,
Opportunity-12,2009-09-01,1.4329,1.438,1.4177,1.4214,0,1,0,1,,,,,,,,,,,,,,,,
Opportunity-12,2009-09-02,1.4217,1.4294,1.4189,1.4259,0,1,0,1,,,,,,,,,,,,,,,,
Opportunity-12,2009-09-04,1.4259,1.4327,1.4191,1.4292,0,1,0,1,,,,,,,,,,,,,,,,
Opportunity-12,2009-09-07,1.4297,1.4363,1.4288,1.4333,0,1,0,1,,,,,,,,,,,,,,,,
Opportunity-12,2009-09-10,1.4563,1.4613,1.4503,1.4577,0,1,0,1,,,,,,,,,,,,,,,,
Opportunity-12,2009-09-21,1.4711,1.4723,1.461,1.4676,0,1,0,1,,,,,,,,,,,,,,,,
Opportunity-13,2010-07-16,1.293,1.3007,1.2887,1.2929,1,0,0,1,,,,,,,,,,,,,,,,
Opportunity-13,2010-07-21,1.289,1.2913,1.2729,1.2754,0,1,0,1,,,,,,,,,,,,,,,,
Opportunity-13,2010-07-23,1.2887,1.2965,1.2792,1.2902,0,1,0,1,,,,,,,,,,,,,,,,
Opportunity-13,2010-07-27,1.2988,1.3046,1.2948,1.3,0,1,0,1,,,,,,,,,,,,,,,,
Opportunity-13,2010-07-28,1.3,1.3042,1.2964,1.2987,0,1,0,1,,,,,,,,,,,,,,,,
Opportunity-13,2010-07-30,1.3078,1.3092,1.2978,1.305,0,1,0,1,,,,,,,,,,,,,,,,
Opportunity-14,2012-08-07,1.2398,1.2442,1.2374,1.2397,1,0,0,1,,,,,,,,,,,,,,,,
Opportunity-14,2012-08-10,1.2303,1.2316,1.224,1.2288,0,1,0,1,,,,,,,,,,,,,,,,
Opportunity-14,2012-08-16,1.2285,1.2373,1.2254,1.2356,0,1,0,1,,,,,,,,,,,,,,,,
Opportunity-14,2012-08-17,1.2355,1.2382,1.2287,1.2321,0,1,0,1,,,,,,,,,,,,,,,,
Opportunity-14,2012-08-20,1.2338,1.2369,1.2293,1.2345,0,1,0,1,,,,,,,,,,,,,,,,
Opportunity-14,2012-08-21,1.2346,1.2487,1.2343,1.247,0,1,0,1,,,,,,,,,,,,,,,,
Opportunity-14,2012-08-22,1.2469,1.2538,1.2429,1.2529,0,1,0,1,,,,,,,,,,,,,,,,
Opportunity-14,2012-08-28,1.2496,1.2576,1.2464,1.2564,0,1,0,1,,,,,,,,,,,,,,,,
Opportunity-14,2012-08-30,1.2531,1.2564,1.2486,1.2502,0,1,0,1,,,,,,,,,,,,,,,,
Opportunity-14,2012-08-31,1.2505,1.2637,1.2492,1.2576,0,1,0,1,,,,,,,,,,,,,,,,
Opportunity-14,2012-09-05,1.2566,1.2624,1.2499,1.26,0,1,0,1,,,,,,,,,,,,,,,,
Opportunity-14,2012-09-06,1.2601,1.2651,1.256,1.2631,0,1,0,1,,,,,,,,,,,,,,,,
Opportunity-15,2013-04-12,1.3106,1.3126,1.3036,1.3107,1,0,0,1,,,,,,,,,,,,,,,,
Opportunity-15,2013-04-15,1.3104,1.3109,1.3021,1.3045,0,1,0,1,,,,,,,,,,,,,,,,
Opportunity-15,2013-04-24,1.3001,1.3033,1.2954,1.3012,0,1,0,1,,,,,,,,,,,,,,,,
Opportunity-15,2013-04-25,1.3011,1.3093,1.2988,1.3009,0,1,0,1,,,,,,,,,,,,,,,,
Opportunity-15,2013-04-26,1.3009,1.3046,1.299,1.3029,0,1,0,1,,,,,,,,,,,,,,,,
Opportunity-16,2013-04-19,1.3052,1.3127,1.3045,1.3053,1,0,0,1,,,,,,,,,,,,,,,,
Opportunity-16,2013-04-24,1.3001,1.3033,1.2954,1.3012,0,1,0,1,,,,,,,,,,,,,,,,
Opportunity-16,2013-04-25,1.3011,1.3093,1.2988,1.3009,0,1,0,1,,,,,,,,,,,,,,,,
Opportunity-16,2013-04-26,1.3009,1.3046,1.299,1.3029,0,1,0,1,,,,,,,,,,,,,,,,
Opportunity-16,2013-05-17,1.2882,1.289,1.2795,1.2838,0,1,0,1,,,,,,,,,,,,,,,,
Opportunity-16,2013-05-20,1.2844,1.2901,1.2818,1.2883,0,1,0,1,,,,,,,,,,,,,,,,
Opportunity-17,2013-05-24,1.2932,1.2992,1.2903,1.2932,1,0,0,1,,,,,,,,,,,,,,,,
Opportunity-17,2013-05-29,1.2852,1.2977,1.2837,1.2939,0,1,0,1,,,,,,,,,,,,,,,,
Opportunity-17,2013-05-30,1.2938,1.3061,1.2931,1.3045,0,1,0,1,,,,,,,,,,,,,,,,
Opportunity-17,2013-05-31,1.3045,1.3059,1.2943,1.2993,0,1,0,1,,,,,,,,,,,,,,,,
Opportunity-17,2013-06-04,1.307,1.31,1.3041,1.3081,0,1,0,1,,,,,,,,,,,,,,,,
Opportunity-17,2013-06-05,1.3081,1.3115,1.3052,1.3092,0,1,0,1,,,,,,,,,,,,,,,,
Opportunity-18,2013-07-15,1.3067,1.3076,1.2991,1.3066,1,1,0,1,,,,,,,,,,,,,,,,
Opportunity-18,2013-07-18,1.3123,1.3125,1.3066,1.3111,0,1,0,1,,,,,,,,,,,,,,,,
Opportunity-18,2013-07-19,1.311,1.3147,1.3088,1.3139,0,1,0,1,,,,,,,,,,,,,,,,
Opportunity-18,2013-07-22,1.3136,1.3216,1.3136,1.3184,0,1,0,1,,,,,,,,,,,,,,,,
Opportunity-18,2013-07-23,1.3183,1.3234,1.3163,1.3222,0,1,0,1,,,,,,,,,,,,,,,,
Opportunity-19,2015-04-21,1.07377,1.07813,1.0658,1.07375,1,1,0,1,,,,,,,,,,,,,,,,
Opportunity-19,2015-04-23,1.07196,1.08458,1.0665,1.08148,0,1,0,1,,,,,,,,,,,,,,,,
Opportunity-19,2015-04-24,1.08152,1.09002,1.0782,1.08695,0,1,0,1,,,,,,,,,,,,,,,,
Opportunity-19,2015-04-27,1.0865,1.09266,1.0818,1.0875,0,1,0,1,,,,,,,,,,,,,,,,
Opportunity-19,2015-04-28,1.08756,1.09911,1.0858,1.09748,0,1,0,1,,,,,,,,,,,,,,,,
Opportunity-19,2015-05-11,1.11967,1.12025,1.1128,1.11484,0,1,0,1,,,,,,,,,,,,,,,,
Opportunity-20,2017-04-20,1.07152,1.07776,1.0705,1.07143,1,0,0,1,,,,,,,,,,,,,,,,
Opportunity-20,2017-04-21,1.07146,1.07381,1.068,1.07246,0,1,0,1,,,,,,,,,,,,,,,,
Opportunity-20,2017-04-24,1.08842,1.08902,1.0818,1.08675,0,1,0,1,,,,,,,,,,,,,,,,
Opportunity-20,2017-05-11,1.08665,1.08931,1.0837,1.08633,0,1,0,1,,,,,,,,,,,,,,,,
Opportunity-20,2017-05-12,1.08633,1.09343,1.0854,1.0926,0,1,0,1,,,,,,,,,,,,,,,,
Opportunity-20,2017-05-15,1.09253,1.099,1.092,1.09808,0,1,0,1,,,,,,,,,,,,,,,,
Opportunity-20,2017-05-18,1.11612,1.1172,1.1074,1.11076,0,1,0,1,,,,,,,,,,,,,,,,
Opportunity-21,2017-07-05,1.1353,1.137,1.1311,1.13532,1,1,0,1,,,,,,,,,,,,,,,,
Opportunity-21,2017-07-06,1.13532,1.1425,1.13279,1.1422,0,1,0,1,,,,,,,,,,,,,,,,
Opportunity-21,2017-07-13,1.14159,1.14559,1.1369,1.13957,0,1,0,1,,,,,,,,,,,,,,,,
Opportunity-21,2017-07-14,1.13953,1.1472,1.139,1.14613,0,1,0,1,,,,,,,,,,,,,,,,
Opportunity-21,2017-07-17,1.14699,1.149,1.1433,1.14768,0,1,0,1,,,,,,,,,,,,,,,,
Opportunity-21,2017-07-18,1.14769,1.15832,1.14694,1.15505,0,1,0,1,,,,,,,,,,,,,,,,
Opportunity-21,2017-07-27,1.17343,1.17768,1.16486,1.16841,0,1,0,1,,,,,,,,,,,,,,,,
Opportunity-22,2017-11-21,1.17338,1.17578,1.1712,1.17335,1,1,0,1,,,,,,,,,,,,,,,,
Opportunity-22,2017-12-12,1.17724,1.17927,1.1716,1.17361,0,1,0,1,,,,,,,,,,,,,,,,
Opportunity-22,2017-12-18,1.17457,1.18343,1.1739,1.17826,0,1,0,1,,,,,,,,,,,,,,,,
Opportunity-22,2017-12-19,1.17825,1.1849,1.1775,1.18415,0,1,0,1,,,,,,,,,,,,,,,,
Opportunity-23,2019-01-04,1.13932,1.14191,1.1344,1.13942,1,1,0,1,,,,,,,,,,,,,,,,
Opportunity-23,2019-01-24,1.13797,1.13914,1.1288,1.13013,0,1,0,1,,,,,,,,,,,,,,,,
Opportunity-24,2020-02-26,1.08813,1.09087,1.0855,1.08809,1,1,0,1,,,,,,,,,,,,,,,,
Opportunity-24,2020-02-27,1.08809,1.10066,1.0876,1.1,0,1,0,1,,,,,,,,,,,,,,,,
Opportunity-24,2020-02-28,1.1,1.10532,1.09509,1.1025,0,1,0,1,,,,,,,,,,,,,,,,
Opportunity-24,2020-03-02,1.1045,1.11853,1.10364,1.11335,0,1,0,1,,,,,,,,,,,,,,,,
Opportunity-24,2020-03-03,1.11335,1.12136,1.10953,1.11694,0,1,0,1,,,,,,,,,,,,,,,,
Opportunity-24,2020-03-04,1.11694,1.11876,1.10954,1.11339,0,1,0,1,,,,,,,,,,,,,,,,
Opportunity-24,2020-03-23,1.07067,1.08282,1.06359,1.07265,0,1,0,1,,,,,,,,,,,,,,,,
Opportunity-24,2020-03-24,1.07265,1.08881,1.0721,1.07865,0,1,0,1,,,,,,,,,,,,,,,,
Opportunity-25,2020-11-10,1.18126,1.18433,1.17797,1.1813,1,0,0,1,,,,,,,,,,,,,,,,
Opportunity-25,2020-11-11,1.1813,1.18327,1.17454,1.17771,0,1,0,1,,,,,,,,,,,,,,,,
Opportunity-25,2020-11-12,1.17771,1.18232,1.17586,1.18029,0,1,0,1,,,,,,,,,,,,,,,,
Opportunity-25,2020-11-13,1.18029,1.18375,1.17995,1.18347,0,1,0,1,,,,,,,,,,,,,,,,
Opportunity-25,2020-11-23,1.18505,1.19061,1.18,1.18393,0,1,0,1,,,,,,,,,,,,,,,,
Opportunity-25,2020-11-24,1.18393,1.18963,1.18333,1.18898,0,1,0,1,,,,,,,,,,,,,,,,
Opportunity-25,2020-11-25,1.18898,1.19297,1.18819,1.19118,0,1,0,1,,,,,,,,,,,,,,,,
Opportunity-25,2020-11-26,1.19118,1.1941,1.18853,1.19123,1,1,0,1,,,,,,,,,,,,,,,,
Opportunity-25,2020-11-27,1.19123,1.19639,1.19067,1.19624,0,1,0,1,,,,,,,,,,,,,,,,
Opportunity-25,2020-11-30,1.19605,1.20033,1.19227,1.19232,0,1,0,1,,,,,,,,,,,,,,,,
Opportunity-25,2020-12-09,1.21012,1.21474,1.20586,1.20783,0,1,0,1,,,,,,,,,,,,,,,,
Opportunity-25,2020-12-10,1.20783,1.2159,1.20734,1.21339,0,1,0,1,,,,,,,,,,,,,,,,
Opportunity-26,2020-11-26,1.19118,1.1941,1.18853,1.19123,1,1,0,1,,,,,,,,,,,,,,,,
Opportunity-26,2020-11-27,1.19123,1.19639,1.19067,1.19624,0,1,0,1,,,,,,,,,,,,,,,,
Opportunity-26,2020-11-30,1.19605,1.20033,1.19227,1.19232,0,1,0,1,,,,,,,,,,,,,,,,
Opportunity-26,2020-12-09,1.21012,1.21474,1.20586,1.20783,0,1,0,1,,,,,,,,,,,,,,,,
Opportunity-26,2020-12-10,1.20783,1.2159,1.20734,1.21339,0,1,0,1,,,,,,,,,,,,,,,,
Opportunity-26,2020-12-11,1.21339,1.2163,1.21054,1.21097,0,1,0,1,,,,,,,,,,,,,,,,
Opportunity-26,2020-12-14,1.2135,1.21768,1.21157,1.21431,0,1,0,1,,,,,,,,,,,,,,,,
Opportunity-26,2020-12-15,1.21431,1.21689,1.21216,1.21501,0,1,0,1,,,,,,,,,,,,,,,,
Opportunity-26,2020-12-22,1.22408,1.22572,1.21523,1.2161,0,1,0,1,,,,,,,,,,,,,,,,
Opportunity-27,2021-08-18,1.17083,1.17428,1.16936,1.17088,1,0,0,1,,,,,,,,,,,,,,,,
Opportunity-27,2021-08-20,1.16743,1.17045,1.16639,1.16995,0,1,0,1,,,,,,,,,,,,,,,,
Opportunity-28,2023-06-05,1.0711,1.07224,1.06745,1.07121,1,0,0,1,,,,,,,,,,,,,,,,
Opportunity-28,2023-06-06,1.07121,1.07328,1.06668,1.06925,0,1,0,1,,,,,,,,,,,,,,,,
Opportunity-28,2023-06-07,1.06925,1.07396,1.06682,1.06984,0,1,0,1,,,,,,,,,,,,,,,,
Opportunity-28,2023-06-12,1.0746,1.07901,1.0733,1.07564,0,1,0,1,,,,,,,,,,,,,,,,
Opportunity-28,2023-06-13,1.07564,1.08235,1.07529,1.07929,0,1,0,1,,,,,,,,,,,,,,,,
Opportunity-28,2023-06-14,1.07929,1.08641,1.07737,1.08239,0,1,0,1,,,,,,,,,,,,,,,,
Opportunity-1,2005-01-28,1.3035,1.3079,1.2982,1.3036,1,0,0,0,,,,,,,,,,,,,,,,
Opportunity-2,2005-01-31,1.3033,1.3058,1.297,1.3033,1,0,0,0,,,,,,,,,,,,,,,,
Opportunity-3,2005-04-13,1.2918,1.2954,1.2847,1.2919,1,0,0,0,,,,,,,,,,,,,,,,
Opportunity-4,2008-08-04,1.5572,1.563,1.5555,1.5573,1,0,0,0,,,,,,,,,,,,,,,,
Opportunity-5,2008-09-18,1.4323,1.4542,1.4279,1.4323,1,0,0,0,,,,,,,,,,,,,,,,
Opportunity-6,2009-11-24,1.496,1.4989,1.4889,1.496,1,0,0,0,,,,,,,,,,,,,,,,
Opportunity-7,2009-12-25,1.4379,1.4437,1.4358,1.4378,1,0,0,0,,,,,,,,,,,,,,,,
Opportunity-8,2009-12-28,1.4378,1.4414,1.4353,1.4377,1,0,0,0,,,,,,,,,,,,,,,,
Opportunity-9,2010-01-18,1.4383,1.44,1.4333,1.4384,1,0,0,0,,,,,,,,,,,,,,,,
Opportunity-10,2011-05-03,1.4822,1.489,1.475,1.4821,1,0,0,0,,,,,,,,,,,,,,,,
Opportunity-11,2011-09-19,1.3675,1.372,1.3584,1.3675,1,0,0,0,,,,,,,,,,,,,,,,
Opportunity-12,2011-12-06,1.3401,1.3428,1.3332,1.34,1,0,0,0,,,,,,,,,,,,,,,,
Opportunity-13,2011-12-22,1.3047,1.3119,1.3015,1.3048,1,0,0,0,,,,,,,,,,,,,,,,
Opportunity-14,2012-04-30,1.324,1.3266,1.3207,1.3241,1,0,0,0,,,,,,,,,,,,,,,,
Opportunity-15,2013-02-15,1.3357,1.3393,1.3305,1.3357,1,0,0,0,,,,,,,,,,,,,,,,
Opportunity-16,2013-02-26,1.3062,1.3121,1.3017,1.3062,1,0,0,0,,,,,,,,,,,,,,,,
Opportunity-17,2013-07-30,1.3262,1.3296,1.3237,1.3263,1,0,0,0,,,,,,,,,,,,,,,,
Opportunity-18,2013-08-19,1.3334,1.3372,1.3315,1.3335,1,0,0,0,,,,,,,,,,,,,,,,
Opportunity-19,2013-10-01,1.3521,1.3585,1.3517,1.3522,1,0,0,0,,,,,,,,,,,,,,,,
Opportunity-20,2014-08-14,1.3362,1.3406,1.3348,1.3363,1,0,0,0,,,,,,,,,,,,,,,,
Opportunity-21,2015-03-03,1.11792,1.12175,1.1152,1.11801,1,0,0,0,,,,,,,,,,,,,,,,
Opportunity-22,2016-05-23,1.12163,1.12429,1.1185,1.12164,1,0,0,0,,,,,,,,,,,,,,,,
Opportunity-23,2016-06-06,1.13561,1.13928,1.1326,1.1355,1,0,0,0,,,,,,,,,,,,,,,,
Opportunity-24,2016-09-28,1.12165,1.1237,1.1179,1.12168,1,0,0,0,,,,,,,,,,,,,,,,
Opportunity-25,2016-10-05,1.12052,1.12333,1.1187,1.12065,1,0,0,0,,,,,,,,,,,,,,,,
Opportunity-26,2016-10-19,1.09787,1.10049,1.0952,1.09782,1,0,0,0,,,,,,,,,,,,,,,,
Opportunity-27,2017-12-04,1.18691,1.188,1.1828,1.18679,1,0,0,0,,,,,,,,,,,,,,,,
Opportunity-28,2018-07-04,1.16596,1.16818,1.1628,1.1659,1,0,0,0,,,,,,,,,,,,,,,,
Opportunity-29,2018-07-09,1.17499,1.17908,1.1731,1.17491,1,0,0,0,,,,,,,,,,,,,,,,
Opportunity-30,2018-07-19,1.16435,1.16785,1.1574,1.1644,1,0,0,0,,,,,,,,,,,,,,,,
Opportunity-31,2019-02-15,1.12942,1.13062,1.1233,1.1294,1,0,0,0,,,,,,,,,,,,,,,,
Opportunity-32,2019-02-28,1.1372,1.14197,1.1357,1.13709,1,0,0,0,,,,,,,,,,,,,,,,
Opportunity-33,2019-05-15,1.12072,1.12247,1.1176,1.1206,1,0,0,0,,,,,,,,,,,,,,,,
Opportunity-34,2019-08-01,1.1079,1.10961,1.1025,1.10781,1,0,0,0,,,,,,,,,,,,,,,,
Opportunity-35,2019-08-07,1.11982,1.12419,1.1179,1.11985,1,0,0,0,,,,,,,,,,,,,,,,
Opportunity-36,2019-09-05,1.10355,1.10848,1.10166,1.10343,1,0,0,0,,,,,,,,,,,,,,,,
Opportunity-37,2020-01-01,1.12208,1.12284,1.11595,1.12208,1,0,0,0,,,,,,,,,,,,,,,,
Opportunity-38,2020-06-08,1.1293,1.13198,1.12682,1.12939,1,0,0,0,,,,,,,,,,,,,,,,
Opportunity-39,2020-12-25,1.21847,1.2213,1.2167,1.21847,1,0,0,0,,,,,,,,,,,,,,,,
Opportunity-40,2021-11-17,1.132,1.13322,1.12634,1.13193,1,0,0,0,,,,,,,,,,,,,,,,
Opportunity-41,2024-01-11,1.09724,1.09994,1.09302,1.0972,1,0,0,0,,,,,,,,,,,,,,,,
Opportunity-42,2024-04-05,1.08368,1.08479,1.07913,1.0836,1,0,0,0,,,,,,,,,,,,,,,,
Opportunity-43,2024-08-18,1.1025,1.10726,1.10239,1.1025,1,0,0,0,,,,,,,,,,,,,,,,
Opportunity-44,2024-08-25,1.11879,1.12011,1.11529,1.11879,1,0,0,0,,,,,,,,,,,,,,,,
Opportunity-45,2024-09-08,1.10872,1.10914,1.1035,1.10872,1,0,0,0,,,,,,,,,,,,,,,,
Opportunity-46,2024-09-15,1.10884,1.11354,1.10871,1.10884,1,0,0,0,,,,,,,,,,,,,,,,
Opportunity-47,2024-09-20,1.11614,1.11818,1.1136,1.11601,1,0,0,0,,,,,,,,,,,,,,,,
Opportunity-48,2024-09-22,1.11608,1.11682,1.10849,1.11608,1,0,0,0,,,,,,,,,,,,,,,,
Opportunity-1,2005-01-28,1.3035,1.3079,1.2982,1.3036,1,0,0,1,,,,,,,,,,,,,,,,
Opportunity-1,2005-02-02,1.305,1.3093,1.3006,1.3023,0,0,1,1,,,,,,,,,,,,,,,,
Opportunity-1,2005-02-03,1.3039,1.3042,1.2937,1.297,0,0,1,1,,,,,,,,,,,,,,,,
Opportunity-2,2005-01-31,1.3033,1.3058,1.297,1.3033,1,0,0,1,,,,,,,,,,,,,,,,
Opportunity-2,2005-02-02,1.305,1.3093,1.3006,1.3023,0,0,1,1,,,,,,,,,,,,,,,,
Opportunity-2,2005-02-03,1.3039,1.3042,1.2937,1.297,0,0,1,1,,,,,,,,,,,,,,,,
Opportunity-3,2005-10-04,1.1916,1.195,1.1897,1.1916,1,0,0,1,,,,,,,,,,,,,,,,
Opportunity-3,2005-10-06,1.1985,1.2207,1.1985,1.2179,0,0,1,1,,,,,,,,,,,,,,,,
Opportunity-3,2005-10-07,1.2179,1.2182,1.209,1.2122,0,0,1,1,,,,,,,,,,,,,,,,
Opportunity-3,2005-10-10,1.2122,1.2153,1.2037,1.2066,0,0,1,1,,,,,,,,,,,,,,,,
Opportunity-3,2005-10-27,1.2053,1.2174,1.2039,1.2137,0,0,1,1,,,,,,,,,,,,,,,,
Opportunity-3,2005-10-28,1.2137,1.2172,1.2048,1.2062,0,0,1,1,,,,,,,,,,,,,,,,
Opportunity-3,2005-10-31,1.2062,1.2091,1.1966,1.1992,0,0,1,1,,,,,,,,,,,,,,,,
Opportunity-3,2005-11-02,1.2017,1.2084,1.1985,1.2073,0,0,1,1,,,,,,,,,,,,,,,,
Opportunity-4,2008-08-04,1.5572,1.563,1.5555,1.5573,1,0,1,1,,,,,,,,,,,,,,,,
Opportunity-4,2008-08-05,1.5572,1.5575,1.5447,1.545,0,0,1,1,,,,,,,,,,,,,,,,
Opportunity-4,2008-08-06,1.545,1.5515,1.5398,1.5413,0,0,1,1,,,,,,,,,,,,,,,,
Opportunity-4,2008-08-07,1.5413,1.5502,1.5309,1.5324,0,0,1,1,,,,,,,,,,,,,,,,
Opportunity-4,2008-08-11,1.4968,1.5082,1.488,1.4892,0,0,1,1,,,,,,,,,,,,,,,,
Opportunity-4,2008-08-13,1.4914,1.4978,1.4841,1.4922,0,0,1,1,,,,,,,,,,,,,,,,
Opportunity-4,2008-08-14,1.4921,1.4948,1.4777,1.4801,0,0,1,1,,,,,,,,,,,,,,,,
Opportunity-4,2008-08-21,1.4742,1.4908,1.4731,1.4896,0,0,1,1,,,,,,,,,,,,,,,,
Opportunity-4,2008-08-22,1.4896,1.4899,1.4757,1.479,0,0,1,1,,,,,,,,,,,,,,,,
Opportunity-4,2008-08-25,1.4788,1.4807,1.4696,1.4752,0,0,1,1,,,,,,,,,,,,,,,,
Opportunity-4,2008-08-28,1.4714,1.4808,1.4671,1.4697,0,0,1,1,,,,,,,,,,,,,,,,
Opportunity-4,2008-08-29,1.4693,1.4766,1.464,1.4671,0,0,1,1,,,,,,,,,,,,,,,,
Opportunity-4,2008-09-01,1.4686,1.4717,1.4581,1.4588,0,0,1,1,,,,,,,,,,,,,,,,
Opportunity-4,2008-09-02,1.4616,1.4616,1.4466,1.4516,0,0,1,1,,,,,,,,,,,,,,,,
Opportunity-5,2008-09-18,1.4323,1.4542,1.4279,1.4323,1,0,1,1,,,,,,,,,,,,,,,,
Opportunity-5,2008-09-22,1.4466,1.4867,1.4438,1.4797,0,0,1,1,,,,,,,,,,,,,,,,
Opportunity-5,2008-09-23,1.4798,1.4827,1.4623,1.4668,0,0,1,1,,,,,,,,,,,,,,,,
Opportunity-5,2008-09-25,1.4613,1.4768,1.4561,1.4615,0,0,1,1,,,,,,,,,,,,,,,,
Opportunity-5,2008-09-26,1.4619,1.4678,1.4555,1.4601,0,0,1,1,,,,,,,,,,,,,,,,
Opportunity-5,2008-09-29,1.4612,1.4636,1.4303,1.4414,0,0,1,1,,,,,,,,,,,,,,,,
Opportunity-5,2008-09-30,1.4416,1.4426,1.4008,1.4115,0,0,1,1,,,,,,,,,,,,,,,,
Opportunity-5,2008-10-01,1.4114,1.4174,1.3976,1.4006,0,0,1,1,,,,,,,,,,,,,,,,
Opportunity-5,2008-10-02,1.4008,1.4025,1.3747,1.38,0,0,1,1,,,,,,,,,,,,,,,,
Opportunity-5,2008-10-03,1.3798,1.3907,1.3704,1.3782,0,0,1,1,,,,,,,,,,,,,,,,
Opportunity-5,2008-10-09,1.363,1.3786,1.3581,1.3596,0,0,1,1,,,,,,,,,,,,,,,,
Opportunity-5,2008-10-14,1.3593,1.377,1.359,1.3616,0,0,1,1,,,,,,,,,,,,,,,,
Opportunity-5,2008-10-15,1.3618,1.369,1.345,1.3461,0,0,1,1,,,,,,,,,,,,,,,,
Opportunity-5,2008-10-16,1.3461,1.3538,1.3347,1.3481,0,0,1,1,,,,,,,,,,,,,,,,
Opportunity-5,2008-10-20,1.3407,1.3531,1.3288,1.333,0,0,1,1,,,,,,,,,,,,,,,,
Opportunity-6,2009-02-13,1.2861,1.2943,1.2821,1.286,1,0,1,1,,,,,,,,,,,,,,,,
Opportunity-6,2009-02-16,1.286,1.2891,1.2727,1.2808,0,0,1,1,,,,,,,,,,,,,,,,
Opportunity-6,2009-02-26,1.2722,1.2811,1.2683,1.2737,0,0,1,1,,,,,,,,,,,,,,,,
Opportunity-7,2009-11-24,1.496,1.4989,1.4889,1.496,1,0,0,1,,,,,,,,,,,,,,,,
Opportunity-7,2009-11-25,1.4967,1.5145,1.4955,1.5137,0,0,1,1,,,,,,,,,,,,,,,,
Opportunity-7,2009-11-26,1.5134,1.5142,1.4959,1.5016,0,0,1,1,,,,,,,,,,,,,,,,
Opportunity-7,2009-12-03,1.5043,1.5141,1.5043,1.5052,0,0,1,1,,,,,,,,,,,,,,,,
Opportunity-7,2009-12-07,1.4852,1.4905,1.4756,1.4824,0,0,1,1,,,,,,,,,,,,,,,,
Opportunity-7,2009-12-09,1.4702,1.4782,1.4668,1.4724,0,0,1,1,,,,,,,,,,,,,,,,
Opportunity-7,2009-12-14,1.4615,1.4685,1.4598,1.4657,0,0,1,1,,,,,,,,,,,,,,,,
Opportunity-7,2009-12-16,1.4536,1.4591,1.4506,1.4533,0,0,1,1,,,,,,,,,,,,,,,,
Opportunity-8,2010-01-18,1.4383,1.44,1.4333,1.4384,1,0,0,1,,,,,,,,,,,,,,,,
Opportunity-8,2010-01-19,1.4382,1.4414,1.4253,1.4285,0,0,1,1,,,,,,,,,,,,,,,,
Opportunity-8,2010-01-25,1.4138,1.4194,1.4112,1.4147,0,0,1,1,,,,,,,,,,,,,,,,
Opportunity-8,2010-01-26,1.4147,1.4179,1.4043,1.4072,0,0,1,1,,,,,,,,,,,,,,,,
Opportunity-8,2010-01-27,1.407,1.4097,1.3993,1.402,0,0,1,1,,,,,,,,,,,,,,,,
Opportunity-8,2010-01-28,1.4022,1.4052,1.3934,1.397,0,0,1,1,,,,,,,,,,,,,,,,
Opportunity-8,2010-02-03,1.3963,1.4026,1.3886,1.3895,0,0,1,1,,,,,,,,,,,,,,,,
Opportunity-8,2010-02-09,1.3649,1.3839,1.3643,1.3793,0,0,1,1,,,,,,,,,,,,,,,,
Opportunity-8,2010-02-10,1.3795,1.3813,1.3677,1.3737,0,0,1,1,,,,,,,,,,,,,,,,
Opportunity-9,2011-05-03,1.4822,1.489,1.475,1.4821,1,0,0,1,,,,,,,,,,,,,,,,
Opportunity-9,2011-05-04,1.482,1.494,1.4772,1.4827,0,0,1,1,,,,,,,,,,,,,,,,
Opportunity-9,2011-05-09,1.4362,1.4442,1.4252,1.4352,0,0,1,1,,,,,,,,,,,,,,,,
Opportunity-10,2011-12-06,1.3401,1.3428,1.3332,1.34,1,0,0,1,,,,,,,,,,,,,,,,
Opportunity-10,2011-12-08,1.3411,1.3459,1.3287,1.3342,0,0,1,1,,,,,,,,,,,,,,,,
Opportunity-10,2011-12-09,1.3339,1.3434,1.328,1.3384,0,0,1,1,,,,,,,,,,,,,,,,
Opportunity-10,2011-12-22,1.3047,1.3119,1.3015,1.3048,1,0,1,1,,,,,,,,,,,,,,,,
Opportunity-10,2011-12-23,1.305,1.3096,1.3025,1.3045,0,0,1,1,,,,,,,,,,,,,,,,
Opportunity-10,2011-12-27,1.3055,1.3083,1.3041,1.3069,0,0,1,1,,,,,,,,,,,,,,,,
Opportunity-10,2012-01-03,1.2933,1.3077,1.293,1.305,0,0,1,1,,,,,,,,,,,,,,,,
Opportunity-11,2011-12-22,1.3047,1.3119,1.3015,1.3048,1,0,1,1,,,,,,,,,,,,,,,,
Opportunity-11,2011-12-23,1.305,1.3096,1.3025,1.3045,0,0,1,1,,,,,,,,,,,,,,,,
Opportunity-11,2011-12-27,1.3055,1.3083,1.3041,1.3069,0,0,1,1,,,,,,,,,,,,,,,,
Opportunity-11,2012-01-03,1.2933,1.3077,1.293,1.305,0,0,1,1,,,,,,,,,,,,,,,,
Opportunity-12,2012-04-30,1.324,1.3266,1.3207,1.3241,1,0,0,1,,,,,,,,,,,,,,,,
Opportunity-12,2012-05-01,1.324,1.3284,1.3203,1.3238,0,0,1,1,,,,,,,,,,,,,,,,
Opportunity-12,2012-05-02,1.3237,1.3241,1.3122,1.3154,0,0,1,1,,,,,,,,,,,,,,,,
Opportunity-12,2012-05-03,1.3154,1.3179,1.3096,1.3151,0,0,1,1,,,,,,,,,,,,,,,,
Opportunity-12,2012-05-04,1.3149,1.3178,1.3073,1.3082,0,0,1,1,,,,,,,,,,,,,,,,
Opportunity-12,2012-05-07,1.3027,1.3065,1.2953,1.3057,0,0,1,1,,,,,,,,,,,,,,,,
Opportunity-12,2012-05-08,1.3056,1.3065,1.2981,1.2999,0,0,1,1,,,,,,,,,,,,,,,,
Opportunity-12,2012-05-09,1.2999,1.3006,1.2911,1.2932,0,0,1,1,,,,,,,,,,,,,,,,
Opportunity-12,2012-05-10,1.2933,1.298,1.2922,1.2931,0,0,1,1,,,,,,,,,,,,,,,,
Opportunity-12,2012-05-11,1.2931,1.2957,1.2904,1.2919,0,0,1,1,,,,,,,,,,,,,,,,
Opportunity-12,2012-05-14,1.2885,1.2904,1.2819,1.2825,0,0,1,1,,,,,,,,,,,,,,,,
Opportunity-12,2012-05-15,1.2826,1.2869,1.272,1.2735,0,0,1,1,,,,,,,,,,,,,,,,
Opportunity-12,2012-05-21,1.2777,1.2825,1.2724,1.2808,0,0,1,1,,,,,,,,,,,,,,,,
Opportunity-13,2012-08-07,1.2398,1.2442,1.2374,1.2397,1,0,1,1,,,,,,,,,,,,,,,,
Opportunity-14,2013-04-12,1.3106,1.3126,1.3036,1.3107,1,0,0,1,,,,,,,,,,,,,,,,
Opportunity-14,2013-04-16,1.3046,1.3199,1.3027,1.3178,0,0,1,1,,,,,,,,,,,,,,,,
Opportunity-14,2013-05-01,1.3166,1.3242,1.3158,1.3184,0,0,1,1,,,,,,,,,,,,,,,,
Opportunity-14,2013-05-08,1.3078,1.3194,1.307,1.3157,0,0,1,1,,,,,,,,,,,,,,,,
Opportunity-14,2013-05-10,1.3043,1.305,1.2934,1.2992,0,0,1,1,,,,,,,,,,,,,,,,
Opportunity-15,2013-08-19,1.3334,1.3372,1.3315,1.3335,1,0,0,1,,,,,,,,,,,,,,,,
Opportunity-15,2013-08-20,1.3335,1.345,1.3323,1.3417,0,0,1,1,,,,,,,,,,,,,,,,
Opportunity-15,2013-08-21,1.3417,1.3427,1.3339,1.3356,0,0,1,1,,,,,,,,,,,,,,,,
Opportunity-15,2013-08-23,1.3354,1.3407,1.3335,1.3381,0,0,1,1,,,,,,,,,,,,,,,,
Opportunity-15,2013-08-27,1.337,1.3397,1.3326,1.3389,0,0,1,1,,,,,,,,,,,,,,,,
Opportunity-15,2013-08-28,1.3391,1.3397,1.3305,1.3339,0,0,1,1,,,,,,,,,,,,,,,,
Opportunity-16,2014-08-14,1.3362,1.3406,1.3348,1.3363,1,0,0,1,,,,,,,,,,,,,,,,
Opportunity-16,2014-08-15,1.3363,1.3409,1.3358,1.3398,0,0,1,1,,,,,,,,,,,,,,,,
Opportunity-16,2014-08-18,1.3391,1.3398,1.3353,1.3361,0,0,1,1,,,,,,,,,,,,,,,,
Opportunity-16,2014-08-19,1.3362,1.3363,1.3313,1.3318,0,0,1,1,,,,,,,,,,,,,,,,
Opportunity-16,2014-08-20,1.3318,1.3325,1.3256,1.3258,0,0,1,1,,,,,,,,,,,,,,,,
Opportunity-16,2014-08-22,1.3282,1.3296,1.3223,1.3245,0,0,1,1,,,,,,,,,,,,,,,,
Opportunity-16,2014-08-28,1.3193,1.3217,1.3161,1.3183,0,0,1,1,,,,,,,,,,,,,,,,
Opportunity-16,2014-08-29,1.3182,1.3195,1.3131,1.3133,0,0,1,1,,,,,,,,,,,,,,,,
Opportunity-16,2014-09-03,1.3132,1.3159,1.3122,1.3148,0,0,1,1,,,,,,,,,,,,,,,,
Opportunity-17,2015-03-03,1.11792,1.12175,1.1152,1.11801,1,0,1,1,,,,,,,,,,,,,,,,
Opportunity-17,2015-03-04,1.1179,1.11866,1.1059,1.10804,0,0,1,1,,,,,,,,,,,,,,,,
Opportunity-17,2015-03-05,1.10807,1.11143,1.0985,1.10309,0,0,1,1,,,,,,,,,,,,,,,,
Opportunity-17,2015-03-09,1.08382,1.09065,1.0833,1.08471,0,0,1,1,,,,,,,,,,,,,,,,
Opportunity-17,2015-03-27,1.08791,1.09487,1.0799,1.08935,0,0,1,1,,,,,,,,,,,,,,,,
Opportunity-18,2016-06-06,1.13561,1.13928,1.1326,1.1355,1,0,0,1,,,,,,,,,,,,,,,,
Opportunity-18,2016-06-09,1.13999,1.14155,1.1304,1.13136,0,0,1,1,,,,,,,,,,,,,,,,
Opportunity-18,2016-06-13,1.12491,1.13029,1.123,1.12902,0,0,1,1,,,,,,,,,,,,,,,,
Opportunity-18,2016-06-23,1.13309,1.1428,1.13148,1.1375,0,0,1,1,,,,,,,,,,,,,,,,
Opportunity-19,2016-09-28,1.12165,1.1237,1.1179,1.12168,1,0,0,1,,,,,,,,,,,,,,,,
Opportunity-19,2016-09-30,1.1223,1.12511,1.1151,1.12403,0,0,1,1,,,,,,,,,,,,,,,,
Opportunity-19,2016-10-03,1.12353,1.12416,1.1203,1.12138,0,0,1,1,,,,,,,,,,,,,,,,
Opportunity-19,2016-10-04,1.12136,1.124,1.1136,1.12048,0,0,1,1,,,,,,,,,,,,,,,,
Opportunity-19,2016-10-05,1.12052,1.12333,1.1187,1.12065,1,0,1,1,,,,,,,,,,,,,,,,
Opportunity-19,2016-10-06,1.12061,1.12126,1.1138,1.11456,0,0,1,1,,,,,,,,,,,,,,,,
Opportunity-19,2016-10-07,1.11458,1.12049,1.1102,1.12,0,0,1,1,,,,,,,,,,,,,,,,
Opportunity-19,2016-10-10,1.11919,1.12004,1.1129,1.11402,0,0,1,1,,,,,,,,,,,,,,,,
Opportunity-19,2016-10-13,1.10126,1.10584,1.0983,1.10535,0,0,1,1,,,,,,,,,,,,,,,,
Opportunity-20,2016-10-05,1.12052,1.12333,1.1187,1.12065,1,0,1,1,,,,,,,,,,,,,,,,
Opportunity-20,2016-10-06,1.12061,1.12126,1.1138,1.11456,0,0,1,1,,,,,,,,,,,,,,,,
Opportunity-20,2016-10-07,1.11458,1.12049,1.1102,1.12,0,0,1,1,,,,,,,,,,,,,,,,
Opportunity-20,2016-10-10,1.11919,1.12004,1.1129,1.11402,0,0,1,1,,,,,,,,,,,,,,,,
Opportunity-20,2016-10-13,1.10126,1.10584,1.0983,1.10535,0,0,1,1,,,,,,,,,,,,,,,,
Opportunity-21,2017-12-04,1.18691,1.188,1.1828,1.18679,1,0,1,1,,,,,,,,,,,,,,,,
Opportunity-22,2018-07-04,1.16596,1.16818,1.1628,1.1659,1,0,0,1,,,,,,,,,,,,,,,,
Opportunity-22,2018-07-09,1.17499,1.17908,1.1731,1.17491,1,0,1,1,,,,,,,,,,,,,,,,
Opportunity-22,2018-07-10,1.175,1.17627,1.1689,1.17357,0,0,1,1,,,,,,,,,,,,,,,,
Opportunity-22,2018-07-23,1.17338,1.17512,1.1682,1.16914,0,0,1,1,,,,,,,,,,,,,,,,
Opportunity-22,2018-07-31,1.17078,1.17459,1.16822,1.16865,0,0,1,1,,,,,,,,,,,,,,,,
Opportunity-22,2018-08-01,1.16863,1.16996,1.1656,1.16629,0,0,1,1,,,,,,,,,,,,,,,,
Opportunity-22,2018-08-02,1.16627,1.16676,1.158,1.15854,0,0,1,1,,,,,,,,,,,,,,,,
Opportunity-23,2018-07-09,1.17499,1.17908,1.1731,1.17491,1,0,1,1,,,,,,,,,,,,,,,,
Opportunity-23,2018-07-10,1.175,1.17627,1.1689,1.17357,0,0,1,1,,,,,,,,,,,,,,,,
Opportunity-23,2018-07-23,1.17338,1.17512,1.1682,1.16914,0,0,1,1,,,,,,,,,,,,,,,,
Opportunity-23,2018-07-31,1.17078,1.17459,1.16822,1.16865,0,0,1,1,,,,,,,,,,,,,,,,
Opportunity-23,2018-08-01,1.16863,1.16996,1.1656,1.16629,0,0,1,1,,,,,,,,,,,,,,,,
Opportunity-23,2018-08-02,1.16627,1.16676,1.158,1.15854,0,0,1,1,,,,,,,,,,,,,,,,
Opportunity-23,2018-08-08,1.15997,1.16282,1.1571,1.16119,0,0,1,1,,,,,,,,,,,,,,,,
Opportunity-24,2018-07-19,1.16435,1.16785,1.1574,1.1644,1,0,0,1,,,,,,,,,,,,,,,,
Opportunity-24,2018-07-23,1.17338,1.17512,1.1682,1.16914,0,0,1,1,,,,,,,,,,,,,,,,
Opportunity-24,2018-07-31,1.17078,1.17459,1.16822,1.16865,0,0,1,1,,,,,,,,,,,,,,,,
Opportunity-24,2018-08-01,1.16863,1.16996,1.1656,1.16629,0,0,1,1,,,,,,,,,,,,,,,,
Opportunity-24,2018-08-02,1.16627,1.16676,1.158,1.15854,0,0,1,1,,,,,,,,,,,,,,,,
Opportunity-24,2018-08-08,1.15997,1.16282,1.1571,1.16119,0,0,1,1,,,,,,,,,,,,,,,,
Opportunity-25,2019-02-28,1.1372,1.14197,1.1357,1.13709,1,0,1,1,,,,,,,,,,,,,,,,
Opportunity-25,2019-03-01,1.13709,1.14087,1.135,1.1362,0,0,1,1,,,,,,,,,,,,,,,,
Opportunity-25,2019-03-04,1.1377,1.13815,1.1308,1.13355,0,0,1,1,,,,,,,,,,,,,,,,
Opportunity-25,2019-03-20,1.13535,1.14482,1.1334,1.14202,0,0,1,1,,,,,,,,,,,,,,,,
Opportunity-26,2019-08-01,1.1079,1.10961,1.1025,1.10781,1,0,0,1,,,,,,,,,,,,,,,,
Opportunity-26,2019-08-06,1.12026,1.12496,1.11674,1.11982,0,0,1,1,,,,,,,,,,,,,,,,
Opportunity-26,2019-08-07,1.11982,1.12419,1.1179,1.11985,1,0,1,1,,,,,,,,,,,,,,,,
Opportunity-26,2019-08-08,1.11985,1.1233,1.11769,1.11798,0,0,1,1,,,,,,,,,,,,,,,,
Opportunity-26,2019-08-12,1.11994,1.12308,1.11619,1.12133,0,0,1,1,,,,,,,,,,,,,,,,
Opportunity-26,2019-08-13,1.12133,1.12287,1.117,1.11708,0,0,1,1,,,,,,,,,,,,,,,,
Opportunity-26,2019-08-14,1.11708,1.11908,1.11307,1.11382,0,0,1,1,,,,,,,,,,,,,,,,
Opportunity-26,2019-08-27,1.10999,1.11162,1.10858,1.109,0,0,1,1,,,,,,,,,,,,,,,,
Opportunity-26,2019-08-28,1.109,1.10981,1.10734,1.10772,0,0,1,1,,,,,,,,,,,,,,,,
Opportunity-27,2019-08-07,1.11982,1.12419,1.1179,1.11985,1,0,1,1,,,,,,,,,,,,,,,,
Opportunity-27,2019-08-08,1.11985,1.1233,1.11769,1.11798,0,0,1,1,,,,,,,,,,,,,,,,
Opportunity-27,2019-08-12,1.11994,1.12308,1.11619,1.12133,0,0,1,1,,,,,,,,,,,,,,,,
Opportunity-27,2019-08-13,1.12133,1.12287,1.117,1.11708,0,0,1,1,,,,,,,,,,,,,,,,
Opportunity-27,2019-08-14,1.11708,1.11908,1.11307,1.11382,0,0,1,1,,,,,,,,,,,,,,,,
Opportunity-27,2019-08-27,1.10999,1.11162,1.10858,1.109,0,0,1,1,,,,,,,,,,,,,,,,
Opportunity-27,2019-08-28,1.109,1.10981,1.10734,1.10772,0,0,1,1,,,,,,,,,,,,,,,,
Opportunity-28,2020-01-01,1.12208,1.12284,1.11595,1.12208,1,0,1,1,,,,,,,,,,,,,,,,
Opportunity-28,2020-01-02,1.12223,1.12223,1.11635,1.1172,0,0,1,1,,,,,,,,,,,,,,,,
Opportunity-28,2020-01-06,1.11656,1.12055,1.11572,1.1197,0,0,1,1,,,,,,,,,,,,,,,,
Opportunity-28,2020-01-07,1.1197,1.11976,1.11335,1.11524,0,0,1,1,,,,,,,,,,,,,,,,
Opportunity-28,2020-01-16,1.11495,1.11728,1.11279,1.11364,0,0,1,1,,,,,,,,,,,,,,,,
Opportunity-28,2020-01-17,1.11364,1.11425,1.10863,1.10883,0,0,1,1,,,,,,,,,,,,,,,,
Opportunity-28,2020-01-21,1.10945,1.1118,1.1081,1.1082,0,0,1,1,,,,,,,,,,,,,,,,
Opportunity-28,2020-01-23,1.10925,1.11087,1.10363,1.10511,0,0,1,1,,,,,,,,,,,,,,,,
Opportunity-28,2020-01-31,1.10311,1.10955,1.10169,1.10948,0,0,1,1,,,,,,,,,,,,,,,,
Opportunity-29,2020-06-08,1.1293,1.13198,1.12682,1.12939,1,0,0,1,,,,,,,,,,,,,,,,
Opportunity-29,2020-06-10,1.13394,1.14225,1.13208,1.13722,0,0,1,1,,,,,,,,,,,,,,,,
Opportunity-30,2020-12-25,1.21847,1.2213,1.2167,1.21847,1,0,0,1,,,,,,,,,,,,,,,,
Opportunity-30,2020-12-30,1.22464,1.23101,1.22449,1.22927,0,0,1,1,,,,,,,,,,,,,,,,
Opportunity-30,2021-01-06,1.22925,1.23495,1.22655,1.23237,0,0,1,1,,,,,,,,,,,,,,,,
Opportunity-30,2021-01-07,1.23237,1.23445,1.22451,1.22697,0,0,1,1,,,,,,,,,,,,,,,,
Opportunity-30,2021-01-08,1.22697,1.22848,1.2193,1.22189,0,0,1,1,,,,,,,,,,,,,,,,
Opportunity-30,2021-01-22,1.21615,1.21896,1.21516,1.21704,0,0,1,1,,,,,,,,,,,,,,,,
Opportunity-30,2021-01-25,1.21679,1.21833,1.2116,1.21368,0,0,1,1,,,,,,,,,,,,,,,,
Opportunity-30,2021-01-26,1.21368,1.2176,1.21078,1.21596,0,0,1,1,,,,,,,,,,,,,,,,
Opportunity-31,2021-11-17,1.132,1.13322,1.12634,1.13193,1,0,0,1,,,,,,,,,,,,,,,,
Opportunity-31,2021-11-18,1.13193,1.13741,1.13139,1.13719,0,0,1,1,,,,,,,,,,,,,,,,
Opportunity-32,2024-01-11,1.09724,1.09994,1.09302,1.0972,1,0,1,1,,,,,,,,,,,,,,,,
Opportunity-32,2024-01-12,1.0972,1.09868,1.09359,1.09485,0,0,1,1,,,,,,,,,,,,,,,,
Opportunity-32,2024-01-15,1.09499,1.09674,1.09334,1.09481,0,0,1,1,,,,,,,,,,,,,,,,
Opportunity-32,2024-01-24,1.08533,1.09323,1.08441,1.08846,0,0,1,1,,,,,,,,,,,,,,,,
Opportunity-33,2024-04-05,1.08368,1.08479,1.07913,1.0836,1,0,0,1,,,,,,,,,,,,,,,,
Opportunity-33,2024-04-09,1.08591,1.0885,1.08476,1.08568,0,0,1,1,,,,,,,,,,,,,,,,
Opportunity-34,2024-08-25,1.11879,1.12011,1.11529,1.11879,1,0,0,1,,,,,,,,,,,,,,,,
Opportunity-34,2024-08-26,1.11867,1.12016,1.11499,1.11609,0,0,1,1,,,,,,,,,,,,,,,,
Opportunity-34,2024-08-27,1.11609,1.11906,1.11498,1.11841,0,0,1,1,,,,,,,,,,,,,,,,
Opportunity-1,2004-11-02,1.274,1.2755,1.2661,1.2739,1,0,0,0,,,,,,,,,,,,,,,,
Opportunity-2,2004-11-08,1.2913,1.2984,1.2903,1.2914,1,0,0,0,,,,,,,,,,,,,,,,
Opportunity-3,2004-11-09,1.2896,1.294,1.2879,1.2897,1,0,0,0,,,,,,,,,,,,,,,,
Opportunity-4,2005-03-01,1.3183,1.3243,1.3164,1.3183,1,0,0,0,,,,,,,,,,,,,,,,
Opportunity-5,2005-04-13,1.2918,1.2954,1.2847,1.2919,1,0,0,0,,,,,,,,,,,,,,,,
Opportunity-6,2005-12-06,1.1792,1.1807,1.1752,1.1792,1,0,0,0,,,,,,,,,,,,,,,,
Opportunity-7,2006-12-25,1.3118,1.3164,1.3099,1.3119,1,0,0,0,,,,,,,,,,,,,,,,
Opportunity-8,2007-11-09,1.4676,1.4751,1.4631,1.4677,1,0,0,0,,,,,,,,,,,,,,,,
Opportunity-9,2008-01-23,1.4628,1.4684,1.4509,1.4629,1,0,0,0,,,,,,,,,,,,,,,,
Opportunity-10,2008-04-08,1.5703,1.5798,1.5674,1.5703,1,0,0,0,,,,,,,,,,,,,,,,
Opportunity-11,2009-08-25,1.4298,1.4362,1.4253,1.4299,1,0,0,0,,,,,,,,,,,,,,,,
Opportunity-12,2009-12-25,1.4379,1.4437,1.4358,1.4378,1,0,0,0,,,,,,,,,,,,,,,,
Opportunity-13,2009-12-28,1.4378,1.4414,1.4353,1.4377,1,0,0,0,,,,,,,,,,,,,,,,
Opportunity-14,2010-07-16,1.293,1.3007,1.2887,1.2929,1,0,0,0,,,,,,,,,,,,,,,,
Opportunity-15,2011-09-19,1.3675,1.372,1.3584,1.3675,1,0,0,0,,,,,,,,,,,,,,,,
Opportunity-16,2013-02-15,1.3357,1.3393,1.3305,1.3357,1,0,0,0,,,,,,,,,,,,,,,,
Opportunity-17,2013-02-26,1.3062,1.3121,1.3017,1.3062,1,0,0,0,,,,,,,,,,,,,,,,
Opportunity-18,2013-04-19,1.3052,1.3127,1.3045,1.3053,1,0,0,0,,,,,,,,,,,,,,,,
Opportunity-19,2013-05-24,1.2932,1.2992,1.2903,1.2932,1,0,0,0,,,,,,,,,,,,,,,,
Opportunity-20,2013-07-15,1.3067,1.3076,1.2991,1.3066,1,0,0,0,,,,,,,,,,,,,,,,
Opportunity-21,2013-07-30,1.3262,1.3296,1.3237,1.3263,1,0,0,0,,,,,,,,,,,,,,,,
Opportunity-22,2013-10-01,1.3521,1.3585,1.3517,1.3522,1,0,0,0,,,,,,,,,,,,,,,,
Opportunity-23,2015-04-21,1.07377,1.07813,1.0658,1.07375,1,0,0,0,,,,,,,,,,,,,,,,
Opportunity-24,2016-05-23,1.12163,1.12429,1.1185,1.12164,1,0,0,0,,,,,,,,,,,,,,,,
Opportunity-25,2016-10-19,1.09787,1.10049,1.0952,1.09782,1,0,0,0,,,,,,,,,,,,,,,,
Opportunity-26,2017-04-20,1.07152,1.07776,1.0705,1.07143,1,0,0,0,,,,,,,,,,,,,,,,
Opportunity-27,2017-07-05,1.1353,1.137,1.1311,1.13532,1,0,0,0,,,,,,,,,,,,,,,,
Opportunity-28,2017-11-21,1.17338,1.17578,1.1712,1.17335,1,0,0,0,,,,,,,,,,,,,,,,
Opportunity-29,2019-01-04,1.13932,1.14191,1.1344,1.13942,1,0,0,0,,,,,,,,,,,,,,,,
Opportunity-30,2019-02-15,1.12942,1.13062,1.1233,1.1294,1,0,0,0,,,,,,,,,,,,,,,,
Opportunity-31,2019-05-15,1.12072,1.12247,1.1176,1.1206,1,0,0,0,,,,,,,,,,,,,,,,
Opportunity-32,2019-09-05,1.10355,1.10848,1.10166,1.10343,1,0,0,0,,,,,,,,,,,,,,,,
Opportunity-33,2020-02-26,1.08813,1.09087,1.0855,1.08809,1,0,0,0,,,,,,,,,,,,,,,,
Opportunity-34,2020-11-10,1.18126,1.18433,1.17797,1.1813,1,0,0,0,,,,,,,,,,,,,,,,
Opportunity-35,2020-11-26,1.19118,1.1941,1.18853,1.19123,1,0,0,0,,,,,,,,,,,,,,,,
Opportunity-36,2021-08-18,1.17083,1.17428,1.16936,1.17088,1,0,0,0,,,,,,,,,,,,,,,,
Opportunity-37,2023-06-05,1.0711,1.07224,1.06745,1.07121,1,0,0,0,,,,,,,,,,,,,,,,
Opportunity-38,2024-08-18,1.1025,1.10726,1.10239,1.1025,1,0,0,0,,,,,,,,,,,,,,,,
Opportunity-39,2024-09-08,1.10872,1.10914,1.1035,1.10872,1,0,0,0,,,,,,,,,,,,,,,,
Opportunity-40,2024-09-15,1.10884,1.11354,1.10871,1.10884,1,0,0,0,,,,,,,,,,,,,,,,
Opportunity-41,2024-09-20,1.11614,1.11818,1.1136,1.11601,1,0,0,0,,,,,,,,,,,,,,,,
Opportunity-42,2024-09-22,1.11608,1.11682,1.10849,1.11608,1,0,0,0,,,,,,,,,,,,,,,,
